index,date,hour,temp,humidity,pressure,sunset,sunrise
0,2023-10-1,0,6.1,45,1020,2:20:04 PM,2:27:21 AM
1,2023-10-1,1,6.07,42,1020,2:20:04 PM,2:27:21 AM
2,2023-10-1,2,6.03,45,1020,2:20:04 PM,2:27:21 AM
3,2023-10-1,3,5.98,48,1020,2:20:04 PM,2:27:21 AM
4,2023-10-1,4,5.94,50,1019,2:20:04 PM,2:27:21 AM
5,2023-10-1,5,5.93,51,1018,2:20:04 PM,2:27:21 AM
6,2023-10-1,6,5.8,52,1017,2:20:04 PM,2:27:21 AM
7,2023-10-1,7,5.7,52,1017,2:20:04 PM,2:27:21 AM
8,2023-10-1,8,5.52,53,1016,2:20:04 PM,2:27:21 AM
9,2023-10-1,9,5.05,55,1016,2:20:04 PM,2:27:21 AM
10,2023-10-1,10,4.56,57,1016,2:20:04 PM,2:27:21 AM
11,2023-10-1,11,4.42,58,1017,2:20:04 PM,2:27:21 AM
12,2023-10-1,12,5.31,55,1017,2:20:04 PM,2:27:21 AM
13,2023-10-1,13,6.32,53,1016,2:20:04 PM,2:27:21 AM
14,2023-10-1,14,6.91,51,1016,2:20:04 PM,2:27:21 AM
15,2023-10-1,15,7.35,50,1015,2:20:04 PM,2:27:21 AM
16,2023-10-1,16,7.77,48,1013,2:20:04 PM,2:27:21 AM
17,2023-10-1,17,8.34,45,1012,2:20:04 PM,2:27:21 AM
18,2023-10-1,18,8.41,44,1012,2:20:04 PM,2:27:21 AM
19,2023-10-1,19,8.43,43,1012,2:20:04 PM,2:27:21 AM
20,2023-10-1,20,8.29,42,1012,2:20:04 PM,2:27:21 AM
21,2023-10-1,21,8.03,42,1012,2:20:04 PM,2:27:21 AM
22,2023-10-1,22,7.83,42,1013,2:20:04 PM,2:27:21 AM
23,2023-10-1,23,7.62,42,1013,2:20:04 PM,2:27:21 AM
24,2023-10-2,0,6.1,45,1020,2:18:38 PM,2:28:09 AM
25,2023-10-2,1,6.07,42,1020,2:18:38 PM,2:28:09 AM
26,2023-10-2,2,6.03,45,1020,2:18:38 PM,2:28:09 AM
27,2023-10-2,3,5.98,48,1020,2:18:38 PM,2:28:09 AM
28,2023-10-2,4,5.94,50,1019,2:18:38 PM,2:28:09 AM
29,2023-10-2,5,5.93,51,1018,2:18:38 PM,2:28:09 AM
30,2023-10-2,6,5.8,52,1017,2:18:38 PM,2:28:09 AM
31,2023-10-2,7,5.7,52,1017,2:18:38 PM,2:28:09 AM
32,2023-10-2,8,5.52,53,1016,2:18:38 PM,2:28:09 AM
33,2023-10-2,9,5.05,55,1016,2:18:38 PM,2:28:09 AM
34,2023-10-2,10,4.56,57,1016,2:18:38 PM,2:28:09 AM
35,2023-10-2,11,4.42,58,1017,2:18:38 PM,2:28:09 AM
36,2023-10-2,12,5.31,55,1017,2:18:38 PM,2:28:09 AM
37,2023-10-2,13,6.32,53,1016,2:18:38 PM,2:28:09 AM
38,2023-10-2,14,6.91,51,1016,2:18:38 PM,2:28:09 AM
39,2023-10-2,15,7.35,50,1015,2:18:38 PM,2:28:09 AM
40,2023-10-2,16,7.77,48,1013,2:18:38 PM,2:28:09 AM
41,2023-10-2,17,8.34,45,1012,2:18:38 PM,2:28:09 AM
42,2023-10-2,18,8.41,44,1012,2:18:38 PM,2:28:09 AM
43,2023-10-2,19,8.43,43,1012,2:18:38 PM,2:28:09 AM
44,2023-10-2,20,8.29,42,1012,2:18:38 PM,2:28:09 AM
45,2023-10-2,21,8.03,42,1012,2:18:38 PM,2:28:09 AM
46,2023-10-2,22,7.83,42,1013,2:18:38 PM,2:28:09 AM
47,2023-10-2,23,7.62,42,1013,2:18:38 PM,2:28:09 AM
48,2023-10-3,0,6.1,45,1020,2:17:12 PM,2:28:57 AM
49,2023-10-3,1,6.07,42,1020,2:17:12 PM,2:28:57 AM
50,2023-10-3,2,6.03,45,1020,2:17:12 PM,2:28:57 AM
51,2023-10-3,3,5.98,48,1020,2:17:12 PM,2:28:57 AM
52,2023-10-3,4,5.94,50,1019,2:17:12 PM,2:28:57 AM
53,2023-10-3,5,5.93,51,1018,2:17:12 PM,2:28:57 AM
54,2023-10-3,6,5.8,52,1017,2:17:12 PM,2:28:57 AM
55,2023-10-3,7,5.7,52,1017,2:17:12 PM,2:28:57 AM
56,2023-10-3,8,5.52,53,1016,2:17:12 PM,2:28:57 AM
57,2023-10-3,9,5.05,55,1016,2:17:12 PM,2:28:57 AM
58,2023-10-3,10,4.56,57,1016,2:17:12 PM,2:28:57 AM
59,2023-10-3,11,4.42,58,1017,2:17:12 PM,2:28:57 AM
60,2023-10-3,12,5.31,55,1017,2:17:12 PM,2:28:57 AM
61,2023-10-3,13,6.32,53,1016,2:17:12 PM,2:28:57 AM
62,2023-10-3,14,6.91,51,1016,2:17:12 PM,2:28:57 AM
63,2023-10-3,15,7.35,50,1015,2:17:12 PM,2:28:57 AM
64,2023-10-3,16,7.77,48,1013,2:17:12 PM,2:28:57 AM
65,2023-10-3,17,8.34,45,1012,2:17:12 PM,2:28:57 AM
66,2023-10-3,18,8.41,44,1012,2:17:12 PM,2:28:57 AM
67,2023-10-3,19,8.43,43,1012,2:17:12 PM,2:28:57 AM
68,2023-10-3,20,8.29,42,1012,2:17:12 PM,2:28:57 AM
69,2023-10-3,21,8.03,42,1012,2:17:12 PM,2:28:57 AM
70,2023-10-3,22,7.83,42,1013,2:17:12 PM,2:28:57 AM
71,2023-10-3,23,7.62,42,1013,2:17:12 PM,2:28:57 AM
72,2023-10-4,0,6.1,45,1020,2:15:46 PM,2:29:46 AM
73,2023-10-4,1,6.07,42,1020,2:15:46 PM,2:29:46 AM
74,2023-10-4,2,6.03,45,1020,2:15:46 PM,2:29:46 AM
75,2023-10-4,3,5.98,48,1020,2:15:46 PM,2:29:46 AM
76,2023-10-4,4,5.94,50,1019,2:15:46 PM,2:29:46 AM
77,2023-10-4,5,5.93,51,1018,2:15:46 PM,2:29:46 AM
78,2023-10-4,6,5.8,52,1017,2:15:46 PM,2:29:46 AM
79,2023-10-4,7,5.7,52,1017,2:15:46 PM,2:29:46 AM
80,2023-10-4,8,5.52,53,1016,2:15:46 PM,2:29:46 AM
81,2023-10-4,9,5.05,55,1016,2:15:46 PM,2:29:46 AM
82,2023-10-4,10,4.56,57,1016,2:15:46 PM,2:29:46 AM
83,2023-10-4,11,4.42,58,1017,2:15:46 PM,2:29:46 AM
84,2023-10-4,12,5.31,55,1017,2:15:46 PM,2:29:46 AM
85,2023-10-4,13,6.32,53,1016,2:15:46 PM,2:29:46 AM
86,2023-10-4,14,6.91,51,1016,2:15:46 PM,2:29:46 AM
87,2023-10-4,15,7.35,50,1015,2:15:46 PM,2:29:46 AM
88,2023-10-4,16,7.77,48,1013,2:15:46 PM,2:29:46 AM
89,2023-10-4,17,8.34,45,1012,2:15:46 PM,2:29:46 AM
90,2023-10-4,18,8.41,44,1012,2:15:46 PM,2:29:46 AM
91,2023-10-4,19,8.43,43,1012,2:15:46 PM,2:29:46 AM
92,2023-10-4,20,8.29,42,1012,2:15:46 PM,2:29:46 AM
93,2023-10-4,21,8.03,42,1012,2:15:46 PM,2:29:46 AM
94,2023-10-4,22,7.83,42,1013,2:15:46 PM,2:29:46 AM
95,2023-10-4,23,7.62,42,1013,2:15:46 PM,2:29:46 AM
96,2023-10-5,0,6.1,45,1020,2:14:21 PM,2:30:34 AM
97,2023-10-5,1,6.07,42,1020,2:14:21 PM,2:30:34 AM
98,2023-10-5,2,6.03,45,1020,2:14:21 PM,2:30:34 AM
99,2023-10-5,3,5.98,48,1020,2:14:21 PM,2:30:34 AM
100,2023-10-5,4,5.94,50,1019,2:14:21 PM,2:30:34 AM
101,2023-10-5,5,5.93,51,1018,2:14:21 PM,2:30:34 AM
102,2023-10-5,6,5.8,52,1017,2:14:21 PM,2:30:34 AM
103,2023-10-5,7,5.7,52,1017,2:14:21 PM,2:30:34 AM
104,2023-10-5,8,5.52,53,1016,2:14:21 PM,2:30:34 AM
105,2023-10-5,9,5.05,55,1016,2:14:21 PM,2:30:34 AM
106,2023-10-5,10,4.56,57,1016,2:14:21 PM,2:30:34 AM
107,2023-10-5,11,4.42,58,1017,2:14:21 PM,2:30:34 AM
108,2023-10-5,12,5.31,55,1017,2:14:21 PM,2:30:34 AM
109,2023-10-5,13,6.32,53,1016,2:14:21 PM,2:30:34 AM
110,2023-10-5,14,6.91,51,1016,2:14:21 PM,2:30:34 AM
111,2023-10-5,15,7.35,50,1015,2:14:21 PM,2:30:34 AM
112,2023-10-5,16,7.77,48,1013,2:14:21 PM,2:30:34 AM
113,2023-10-5,17,8.34,45,1012,2:14:21 PM,2:30:34 AM
114,2023-10-5,18,8.41,44,1012,2:14:21 PM,2:30:34 AM
115,2023-10-5,19,8.43,43,1012,2:14:21 PM,2:30:34 AM
116,2023-10-5,20,8.29,42,1012,2:14:21 PM,2:30:34 AM
117,2023-10-5,21,8.03,42,1012,2:14:21 PM,2:30:34 AM
118,2023-10-5,22,7.83,42,1013,2:14:21 PM,2:30:34 AM
119,2023-10-5,23,7.62,42,1013,2:14:21 PM,2:30:34 AM
120,2023-10-6,0,6.1,45,1020,2:12:56 PM,2:31:23 AM
121,2023-10-6,1,6.07,42,1020,2:12:56 PM,2:31:23 AM
122,2023-10-6,2,6.03,45,1020,2:12:56 PM,2:31:23 AM
123,2023-10-6,3,5.98,48,1020,2:12:56 PM,2:31:23 AM
124,2023-10-6,4,5.94,50,1019,2:12:56 PM,2:31:23 AM
125,2023-10-6,5,5.93,51,1018,2:12:56 PM,2:31:23 AM
126,2023-10-6,6,5.8,52,1017,2:12:56 PM,2:31:23 AM
127,2023-10-6,7,5.7,52,1017,2:12:56 PM,2:31:23 AM
128,2023-10-6,8,5.52,53,1016,2:12:56 PM,2:31:23 AM
129,2023-10-6,9,5.05,55,1016,2:12:56 PM,2:31:23 AM
130,2023-10-6,10,4.56,57,1016,2:12:56 PM,2:31:23 AM
131,2023-10-6,11,4.42,58,1017,2:12:56 PM,2:31:23 AM
132,2023-10-6,12,5.31,55,1017,2:12:56 PM,2:31:23 AM
133,2023-10-6,13,6.32,53,1016,2:12:56 PM,2:31:23 AM
134,2023-10-6,14,6.91,51,1016,2:12:56 PM,2:31:23 AM
135,2023-10-6,15,7.35,50,1015,2:12:56 PM,2:31:23 AM
136,2023-10-6,16,7.77,48,1013,2:12:56 PM,2:31:23 AM
137,2023-10-6,17,8.34,45,1012,2:12:56 PM,2:31:23 AM
138,2023-10-6,18,8.41,44,1012,2:12:56 PM,2:31:23 AM
139,2023-10-6,19,8.43,43,1012,2:12:56 PM,2:31:23 AM
140,2023-10-6,20,8.29,42,1012,2:12:56 PM,2:31:23 AM
141,2023-10-6,21,8.03,42,1012,2:12:56 PM,2:31:23 AM
142,2023-10-6,22,7.83,42,1013,2:12:56 PM,2:31:23 AM
143,2023-10-6,23,7.62,42,1013,2:12:56 PM,2:31:23 AM
144,2023-10-7,0,6.1,45,1020,2:11:32 PM,2:32:12 AM
145,2023-10-7,1,6.07,42,1020,2:11:32 PM,2:32:12 AM
146,2023-10-7,2,6.03,45,1020,2:11:32 PM,2:32:12 AM
147,2023-10-7,3,5.98,48,1020,2:11:32 PM,2:32:12 AM
148,2023-10-7,4,5.94,50,1019,2:11:32 PM,2:32:12 AM
149,2023-10-7,5,5.93,51,1018,2:11:32 PM,2:32:12 AM
150,2023-10-7,6,5.8,52,1017,2:11:32 PM,2:32:12 AM
151,2023-10-7,7,5.7,52,1017,2:11:32 PM,2:32:12 AM
152,2023-10-7,8,5.52,53,1016,2:11:32 PM,2:32:12 AM
153,2023-10-7,9,5.05,55,1016,2:11:32 PM,2:32:12 AM
154,2023-10-7,10,4.56,57,1016,2:11:32 PM,2:32:12 AM
155,2023-10-7,11,4.42,58,1017,2:11:32 PM,2:32:12 AM
156,2023-10-7,12,5.31,55,1017,2:11:32 PM,2:32:12 AM
157,2023-10-7,13,6.32,53,1016,2:11:32 PM,2:32:12 AM
158,2023-10-7,14,6.91,51,1016,2:11:32 PM,2:32:12 AM
159,2023-10-7,15,7.35,50,1015,2:11:32 PM,2:32:12 AM
160,2023-10-7,16,7.77,48,1013,2:11:32 PM,2:32:12 AM
161,2023-10-7,17,8.34,45,1012,2:11:32 PM,2:32:12 AM
162,2023-10-7,18,8.41,44,1012,2:11:32 PM,2:32:12 AM
163,2023-10-7,19,8.43,43,1012,2:11:32 PM,2:32:12 AM
164,2023-10-7,20,8.29,42,1012,2:11:32 PM,2:32:12 AM
165,2023-10-7,21,8.03,42,1012,2:11:32 PM,2:32:12 AM
166,2023-10-7,22,7.83,42,1013,2:11:32 PM,2:32:12 AM
167,2023-10-7,23,7.62,42,1013,2:11:32 PM,2:32:12 AM
168,2023-10-8,0,6.1,45,1020,2:10:08 PM,2:33:01 AM
169,2023-10-8,1,6.07,42,1020,2:10:08 PM,2:33:01 AM
170,2023-10-8,2,6.03,45,1020,2:10:08 PM,2:33:01 AM
171,2023-10-8,3,5.98,48,1020,2:10:08 PM,2:33:01 AM
172,2023-10-8,4,5.94,50,1019,2:10:08 PM,2:33:01 AM
173,2023-10-8,5,5.93,51,1018,2:10:08 PM,2:33:01 AM
174,2023-10-8,6,5.8,52,1017,2:10:08 PM,2:33:01 AM
175,2023-10-8,7,5.7,52,1017,2:10:08 PM,2:33:01 AM
176,2023-10-8,8,5.52,53,1016,2:10:08 PM,2:33:01 AM
177,2023-10-8,9,5.05,55,1016,2:10:08 PM,2:33:01 AM
178,2023-10-8,10,4.56,57,1016,2:10:08 PM,2:33:01 AM
179,2023-10-8,11,4.42,58,1017,2:10:08 PM,2:33:01 AM
180,2023-10-8,12,5.31,55,1017,2:10:08 PM,2:33:01 AM
181,2023-10-8,13,6.32,53,1016,2:10:08 PM,2:33:01 AM
182,2023-10-8,14,6.91,51,1016,2:10:08 PM,2:33:01 AM
183,2023-10-8,15,7.35,50,1015,2:10:08 PM,2:33:01 AM
184,2023-10-8,16,7.77,48,1013,2:10:08 PM,2:33:01 AM
185,2023-10-8,17,8.34,45,1012,2:10:08 PM,2:33:01 AM
186,2023-10-8,18,8.41,44,1012,2:10:08 PM,2:33:01 AM
187,2023-10-8,19,8.43,43,1012,2:10:08 PM,2:33:01 AM
188,2023-10-8,20,8.29,42,1012,2:10:08 PM,2:33:01 AM
189,2023-10-8,21,8.03,42,1012,2:10:08 PM,2:33:01 AM
190,2023-10-8,22,7.83,42,1013,2:10:08 PM,2:33:01 AM
191,2023-10-8,23,7.62,42,1013,2:10:08 PM,2:33:01 AM
192,2023-10-9,0,6.1,45,1020,2:08:45 PM,2:33:51 AM
193,2023-10-9,1,6.07,42,1020,2:08:45 PM,2:33:51 AM
194,2023-10-9,2,6.03,45,1020,2:08:45 PM,2:33:51 AM
195,2023-10-9,3,5.98,48,1020,2:08:45 PM,2:33:51 AM
196,2023-10-9,4,5.94,50,1019,2:08:45 PM,2:33:51 AM
197,2023-10-9,5,5.93,51,1018,2:08:45 PM,2:33:51 AM
198,2023-10-9,6,5.8,52,1017,2:08:45 PM,2:33:51 AM
199,2023-10-9,7,5.7,52,1017,2:08:45 PM,2:33:51 AM
200,2023-10-9,8,5.52,53,1016,2:08:45 PM,2:33:51 AM
201,2023-10-9,9,5.05,55,1016,2:08:45 PM,2:33:51 AM
202,2023-10-9,10,4.56,57,1016,2:08:45 PM,2:33:51 AM
203,2023-10-9,11,4.42,58,1017,2:08:45 PM,2:33:51 AM
204,2023-10-9,12,5.31,55,1017,2:08:45 PM,2:33:51 AM
205,2023-10-9,13,6.32,53,1016,2:08:45 PM,2:33:51 AM
206,2023-10-9,14,6.91,51,1016,2:08:45 PM,2:33:51 AM
207,2023-10-9,15,7.35,50,1015,2:08:45 PM,2:33:51 AM
208,2023-10-9,16,7.77,48,1013,2:08:45 PM,2:33:51 AM
209,2023-10-9,17,8.34,45,1012,2:08:45 PM,2:33:51 AM
210,2023-10-9,18,8.41,44,1012,2:08:45 PM,2:33:51 AM
211,2023-10-9,19,8.43,43,1012,2:08:45 PM,2:33:51 AM
212,2023-10-9,20,8.29,42,1012,2:08:45 PM,2:33:51 AM
213,2023-10-9,21,8.03,42,1012,2:08:45 PM,2:33:51 AM
214,2023-10-9,22,7.83,42,1013,2:08:45 PM,2:33:51 AM
215,2023-10-9,23,7.62,42,1013,2:08:45 PM,2:33:51 AM
216,2023-10-10,0,6.1,45,1020,2:07:22 PM,2:34:41 AM
217,2023-10-10,1,6.07,42,1020,2:07:22 PM,2:34:41 AM
218,2023-10-10,2,6.03,45,1020,2:07:22 PM,2:34:41 AM
219,2023-10-10,3,5.98,48,1020,2:07:22 PM,2:34:41 AM
220,2023-10-10,4,5.94,50,1019,2:07:22 PM,2:34:41 AM
221,2023-10-10,5,5.93,51,1018,2:07:22 PM,2:34:41 AM
222,2023-10-10,6,5.8,52,1017,2:07:22 PM,2:34:41 AM
223,2023-10-10,7,5.7,52,1017,2:07:22 PM,2:34:41 AM
224,2023-10-10,8,5.52,53,1016,2:07:22 PM,2:34:41 AM
225,2023-10-10,9,5.05,55,1016,2:07:22 PM,2:34:41 AM
226,2023-10-10,10,4.56,57,1016,2:07:22 PM,2:34:41 AM
227,2023-10-10,11,4.42,58,1017,2:07:22 PM,2:34:41 AM
228,2023-10-10,12,5.31,55,1017,2:07:22 PM,2:34:41 AM
229,2023-10-10,13,6.32,53,1016,2:07:22 PM,2:34:41 AM
230,2023-10-10,14,6.91,51,1016,2:07:22 PM,2:34:41 AM
231,2023-10-10,15,7.35,50,1015,2:07:22 PM,2:34:41 AM
232,2023-10-10,16,7.77,48,1013,2:07:22 PM,2:34:41 AM
233,2023-10-10,17,8.34,45,1012,2:07:22 PM,2:34:41 AM
234,2023-10-10,18,8.41,44,1012,2:07:22 PM,2:34:41 AM
235,2023-10-10,19,8.43,43,1012,2:07:22 PM,2:34:41 AM
236,2023-10-10,20,8.29,42,1012,2:07:22 PM,2:34:41 AM
237,2023-10-10,21,8.03,42,1012,2:07:22 PM,2:34:41 AM
238,2023-10-10,22,7.83,42,1013,2:07:22 PM,2:34:41 AM
239,2023-10-10,23,7.62,42,1013,2:07:22 PM,2:34:41 AM
240,2023-10-11,0,6.1,45,1020,2:06:00 PM,2:35:31 AM
241,2023-10-11,1,6.07,42,1020,2:06:00 PM,2:35:31 AM
242,2023-10-11,2,6.03,45,1020,2:06:00 PM,2:35:31 AM
243,2023-10-11,3,5.98,48,1020,2:06:00 PM,2:35:31 AM
244,2023-10-11,4,5.94,50,1019,2:06:00 PM,2:35:31 AM
245,2023-10-11,5,5.93,51,1018,2:06:00 PM,2:35:31 AM
246,2023-10-11,6,5.8,52,1017,2:06:00 PM,2:35:31 AM
247,2023-10-11,7,5.7,52,1017,2:06:00 PM,2:35:31 AM
248,2023-10-11,8,5.52,53,1016,2:06:00 PM,2:35:31 AM
249,2023-10-11,9,5.05,55,1016,2:06:00 PM,2:35:31 AM
250,2023-10-11,10,4.56,57,1016,2:06:00 PM,2:35:31 AM
251,2023-10-11,11,4.42,58,1017,2:06:00 PM,2:35:31 AM
252,2023-10-11,12,5.31,55,1017,2:06:00 PM,2:35:31 AM
253,2023-10-11,13,6.32,53,1016,2:06:00 PM,2:35:31 AM
254,2023-10-11,14,6.91,51,1016,2:06:00 PM,2:35:31 AM
255,2023-10-11,15,7.35,50,1015,2:06:00 PM,2:35:31 AM
256,2023-10-11,16,7.77,48,1013,2:06:00 PM,2:35:31 AM
257,2023-10-11,17,8.34,45,1012,2:06:00 PM,2:35:31 AM
258,2023-10-11,18,8.41,44,1012,2:06:00 PM,2:35:31 AM
259,2023-10-11,19,8.43,43,1012,2:06:00 PM,2:35:31 AM
260,2023-10-11,20,8.29,42,1012,2:06:00 PM,2:35:31 AM
261,2023-10-11,21,8.03,42,1012,2:06:00 PM,2:35:31 AM
262,2023-10-11,22,7.83,42,1013,2:06:00 PM,2:35:31 AM
263,2023-10-11,23,7.62,42,1013,2:06:00 PM,2:35:31 AM
264,2023-10-12,0,6.1,45,1020,2:04:39 PM,2:36:22 AM
265,2023-10-12,1,6.07,42,1020,2:04:39 PM,2:36:22 AM
266,2023-10-12,2,6.03,45,1020,2:04:39 PM,2:36:22 AM
267,2023-10-12,3,5.98,48,1020,2:04:39 PM,2:36:22 AM
268,2023-10-12,4,5.94,50,1019,2:04:39 PM,2:36:22 AM
269,2023-10-12,5,5.93,51,1018,2:04:39 PM,2:36:22 AM
270,2023-10-12,6,5.8,52,1017,2:04:39 PM,2:36:22 AM
271,2023-10-12,7,5.7,52,1017,2:04:39 PM,2:36:22 AM
272,2023-10-12,8,5.52,53,1016,2:04:39 PM,2:36:22 AM
273,2023-10-12,9,5.05,55,1016,2:04:39 PM,2:36:22 AM
274,2023-10-12,10,4.56,57,1016,2:04:39 PM,2:36:22 AM
275,2023-10-12,11,4.42,58,1017,2:04:39 PM,2:36:22 AM
276,2023-10-12,12,5.31,55,1017,2:04:39 PM,2:36:22 AM
277,2023-10-12,13,6.32,53,1016,2:04:39 PM,2:36:22 AM
278,2023-10-12,14,6.91,51,1016,2:04:39 PM,2:36:22 AM
279,2023-10-12,15,7.35,50,1015,2:04:39 PM,2:36:22 AM
280,2023-10-12,16,7.77,48,1013,2:04:39 PM,2:36:22 AM
281,2023-10-12,17,8.34,45,1012,2:04:39 PM,2:36:22 AM
282,2023-10-12,18,8.41,44,1012,2:04:39 PM,2:36:22 AM
283,2023-10-12,19,8.43,43,1012,2:04:39 PM,2:36:22 AM
284,2023-10-12,20,8.29,42,1012,2:04:39 PM,2:36:22 AM
285,2023-10-12,21,8.03,42,1012,2:04:39 PM,2:36:22 AM
286,2023-10-12,22,7.83,42,1013,2:04:39 PM,2:36:22 AM
287,2023-10-12,23,7.62,42,1013,2:04:39 PM,2:36:22 AM
288,2023-10-13,0,6.1,45,1020,2:03:18 PM,2:37:13 AM
289,2023-10-13,1,6.07,42,1020,2:03:18 PM,2:37:13 AM
290,2023-10-13,2,6.03,45,1020,2:03:18 PM,2:37:13 AM
291,2023-10-13,3,5.98,48,1020,2:03:18 PM,2:37:13 AM
292,2023-10-13,4,5.94,50,1019,2:03:18 PM,2:37:13 AM
293,2023-10-13,5,5.93,51,1018,2:03:18 PM,2:37:13 AM
294,2023-10-13,6,5.8,52,1017,2:03:18 PM,2:37:13 AM
295,2023-10-13,7,5.7,52,1017,2:03:18 PM,2:37:13 AM
296,2023-10-13,8,5.52,53,1016,2:03:18 PM,2:37:13 AM
297,2023-10-13,9,5.05,55,1016,2:03:18 PM,2:37:13 AM
298,2023-10-13,10,4.56,57,1016,2:03:18 PM,2:37:13 AM
299,2023-10-13,11,4.42,58,1017,2:03:18 PM,2:37:13 AM
300,2023-10-13,12,5.31,55,1017,2:03:18 PM,2:37:13 AM
301,2023-10-13,13,6.32,53,1016,2:03:18 PM,2:37:13 AM
302,2023-10-13,14,6.91,51,1016,2:03:18 PM,2:37:13 AM
303,2023-10-13,15,7.35,50,1015,2:03:18 PM,2:37:13 AM
304,2023-10-13,16,7.77,48,1013,2:03:18 PM,2:37:13 AM
305,2023-10-13,17,8.34,45,1012,2:03:18 PM,2:37:13 AM
306,2023-10-13,18,8.41,44,1012,2:03:18 PM,2:37:13 AM
307,2023-10-13,19,8.43,43,1012,2:03:18 PM,2:37:13 AM
308,2023-10-13,20,8.29,42,1012,2:03:18 PM,2:37:13 AM
309,2023-10-13,21,8.03,42,1012,2:03:18 PM,2:37:13 AM
310,2023-10-13,22,7.83,42,1013,2:03:18 PM,2:37:13 AM
311,2023-10-13,23,7.62,42,1013,2:03:18 PM,2:37:13 AM
312,2023-10-14,0,6.1,45,1020,2:01:58 PM,2:38:04 AM
313,2023-10-14,1,6.07,42,1020,2:01:58 PM,2:38:04 AM
314,2023-10-14,2,6.03,45,1020,2:01:58 PM,2:38:04 AM
315,2023-10-14,3,5.98,48,1020,2:01:58 PM,2:38:04 AM
316,2023-10-14,4,5.94,50,1019,2:01:58 PM,2:38:04 AM
317,2023-10-14,5,5.93,51,1018,2:01:58 PM,2:38:04 AM
318,2023-10-14,6,5.8,52,1017,2:01:58 PM,2:38:04 AM
319,2023-10-14,7,5.7,52,1017,2:01:58 PM,2:38:04 AM
320,2023-10-14,8,5.52,53,1016,2:01:58 PM,2:38:04 AM
321,2023-10-14,9,5.05,55,1016,2:01:58 PM,2:38:04 AM
322,2023-10-14,10,4.56,57,1016,2:01:58 PM,2:38:04 AM
323,2023-10-14,11,4.42,58,1017,2:01:58 PM,2:38:04 AM
324,2023-10-14,12,5.31,55,1017,2:01:58 PM,2:38:04 AM
325,2023-10-14,13,6.32,53,1016,2:01:58 PM,2:38:04 AM
326,2023-10-14,14,6.91,51,1016,2:01:58 PM,2:38:04 AM
327,2023-10-14,15,7.35,50,1015,2:01:58 PM,2:38:04 AM
328,2023-10-14,16,7.77,48,1013,2:01:58 PM,2:38:04 AM
329,2023-10-14,17,8.34,45,1012,2:01:58 PM,2:38:04 AM
330,2023-10-14,18,8.41,44,1012,2:01:58 PM,2:38:04 AM
331,2023-10-14,19,8.43,43,1012,2:01:58 PM,2:38:04 AM
332,2023-10-14,20,8.29,42,1012,2:01:58 PM,2:38:04 AM
333,2023-10-14,21,8.03,42,1012,2:01:58 PM,2:38:04 AM
334,2023-10-14,22,7.83,42,1013,2:01:58 PM,2:38:04 AM
335,2023-10-14,23,7.62,42,1013,2:01:58 PM,2:38:04 AM
336,2023-10-15,0,6.1,45,1020,2:00:39 PM,2:38:56 AM
337,2023-10-15,1,6.07,42,1020,2:00:39 PM,2:38:56 AM
338,2023-10-15,2,6.03,45,1020,2:00:39 PM,2:38:56 AM
339,2023-10-15,3,5.98,48,1020,2:00:39 PM,2:38:56 AM
340,2023-10-15,4,5.94,50,1019,2:00:39 PM,2:38:56 AM
341,2023-10-15,5,5.93,51,1018,2:00:39 PM,2:38:56 AM
342,2023-10-15,6,5.8,52,1017,2:00:39 PM,2:38:56 AM
343,2023-10-15,7,5.7,52,1017,2:00:39 PM,2:38:56 AM
344,2023-10-15,8,5.52,53,1016,2:00:39 PM,2:38:56 AM
345,2023-10-15,9,5.05,55,1016,2:00:39 PM,2:38:56 AM
346,2023-10-15,10,4.56,57,1016,2:00:39 PM,2:38:56 AM
347,2023-10-15,11,4.42,58,1017,2:00:39 PM,2:38:56 AM
348,2023-10-15,12,5.31,55,1017,2:00:39 PM,2:38:56 AM
349,2023-10-15,13,6.32,53,1016,2:00:39 PM,2:38:56 AM
350,2023-10-15,14,6.91,51,1016,2:00:39 PM,2:38:56 AM
351,2023-10-15,15,7.35,50,1015,2:00:39 PM,2:38:56 AM
352,2023-10-15,16,7.77,48,1013,2:00:39 PM,2:38:56 AM
353,2023-10-15,17,8.34,45,1012,2:00:39 PM,2:38:56 AM
354,2023-10-15,18,8.41,44,1012,2:00:39 PM,2:38:56 AM
355,2023-10-15,19,8.43,43,1012,2:00:39 PM,2:38:56 AM
356,2023-10-15,20,8.29,42,1012,2:00:39 PM,2:38:56 AM
357,2023-10-15,21,8.03,42,1012,2:00:39 PM,2:38:56 AM
358,2023-10-15,22,7.83,42,1013,2:00:39 PM,2:38:56 AM
359,2023-10-15,23,7.62,42,1013,2:00:39 PM,2:38:56 AM
360,2023-10-16,0,6.1,45,1020,1:59:21 PM,2:39:48 AM
361,2023-10-16,1,6.07,42,1020,1:59:21 PM,2:39:48 AM
362,2023-10-16,2,6.03,45,1020,1:59:21 PM,2:39:48 AM
363,2023-10-16,3,5.98,48,1020,1:59:21 PM,2:39:48 AM
364,2023-10-16,4,5.94,50,1019,1:59:21 PM,2:39:48 AM
365,2023-10-16,5,5.93,51,1018,1:59:21 PM,2:39:48 AM
366,2023-10-16,6,5.8,52,1017,1:59:21 PM,2:39:48 AM
367,2023-10-16,7,5.7,52,1017,1:59:21 PM,2:39:48 AM
368,2023-10-16,8,5.52,53,1016,1:59:21 PM,2:39:48 AM
369,2023-10-16,9,5.05,55,1016,1:59:21 PM,2:39:48 AM
370,2023-10-16,10,4.56,57,1016,1:59:21 PM,2:39:48 AM
371,2023-10-16,11,4.42,58,1017,1:59:21 PM,2:39:48 AM
372,2023-10-16,12,5.31,55,1017,1:59:21 PM,2:39:48 AM
373,2023-10-16,13,6.32,53,1016,1:59:21 PM,2:39:48 AM
374,2023-10-16,14,6.91,51,1016,1:59:21 PM,2:39:48 AM
375,2023-10-16,15,7.35,50,1015,1:59:21 PM,2:39:48 AM
376,2023-10-16,16,7.77,48,1013,1:59:21 PM,2:39:48 AM
377,2023-10-16,17,8.34,45,1012,1:59:21 PM,2:39:48 AM
378,2023-10-16,18,8.41,44,1012,1:59:21 PM,2:39:48 AM
379,2023-10-16,19,8.43,43,1012,1:59:21 PM,2:39:48 AM
380,2023-10-16,20,8.29,42,1012,1:59:21 PM,2:39:48 AM
381,2023-10-16,21,8.03,42,1012,1:59:21 PM,2:39:48 AM
382,2023-10-16,22,7.83,42,1013,1:59:21 PM,2:39:48 AM
383,2023-10-16,23,7.62,42,1013,1:59:21 PM,2:39:48 AM
384,2023-10-17,0,6.1,45,1020,1:58:03 PM,2:40:40 AM
385,2023-10-17,1,6.07,42,1020,1:58:03 PM,2:40:40 AM
386,2023-10-17,2,6.03,45,1020,1:58:03 PM,2:40:40 AM
387,2023-10-17,3,5.98,48,1020,1:58:03 PM,2:40:40 AM
388,2023-10-17,4,5.94,50,1019,1:58:03 PM,2:40:40 AM
389,2023-10-17,5,5.93,51,1018,1:58:03 PM,2:40:40 AM
390,2023-10-17,6,5.8,52,1017,1:58:03 PM,2:40:40 AM
391,2023-10-17,7,5.7,52,1017,1:58:03 PM,2:40:40 AM
392,2023-10-17,8,5.52,53,1016,1:58:03 PM,2:40:40 AM
393,2023-10-17,9,5.05,55,1016,1:58:03 PM,2:40:40 AM
394,2023-10-17,10,4.56,57,1016,1:58:03 PM,2:40:40 AM
395,2023-10-17,11,4.42,58,1017,1:58:03 PM,2:40:40 AM
396,2023-10-17,12,5.31,55,1017,1:58:03 PM,2:40:40 AM
397,2023-10-17,13,6.32,53,1016,1:58:03 PM,2:40:40 AM
398,2023-10-17,14,6.91,51,1016,1:58:03 PM,2:40:40 AM
399,2023-10-17,15,7.35,50,1015,1:58:03 PM,2:40:40 AM
400,2023-10-17,16,7.77,48,1013,1:58:03 PM,2:40:40 AM
401,2023-10-17,17,8.34,45,1012,1:58:03 PM,2:40:40 AM
402,2023-10-17,18,8.41,44,1012,1:58:03 PM,2:40:40 AM
403,2023-10-17,19,8.43,43,1012,1:58:03 PM,2:40:40 AM
404,2023-10-17,20,8.29,42,1012,1:58:03 PM,2:40:40 AM
405,2023-10-17,21,8.03,42,1012,1:58:03 PM,2:40:40 AM
406,2023-10-17,22,7.83,42,1013,1:58:03 PM,2:40:40 AM
407,2023-10-17,23,7.62,42,1013,1:58:03 PM,2:40:40 AM
408,2023-10-18,0,6.1,45,1020,1:56:46 PM,2:41:33 AM
409,2023-10-18,1,6.07,42,1020,1:56:46 PM,2:41:33 AM
410,2023-10-18,2,6.03,45,1020,1:56:46 PM,2:41:33 AM
411,2023-10-18,3,5.98,48,1020,1:56:46 PM,2:41:33 AM
412,2023-10-18,4,5.94,50,1019,1:56:46 PM,2:41:33 AM
413,2023-10-18,5,5.93,51,1018,1:56:46 PM,2:41:33 AM
414,2023-10-18,6,5.8,52,1017,1:56:46 PM,2:41:33 AM
415,2023-10-18,7,5.7,52,1017,1:56:46 PM,2:41:33 AM
416,2023-10-18,8,5.52,53,1016,1:56:46 PM,2:41:33 AM
417,2023-10-18,9,5.05,55,1016,1:56:46 PM,2:41:33 AM
418,2023-10-18,10,4.56,57,1016,1:56:46 PM,2:41:33 AM
419,2023-10-18,11,4.42,58,1017,1:56:46 PM,2:41:33 AM
420,2023-10-18,12,5.31,55,1017,1:56:46 PM,2:41:33 AM
421,2023-10-18,13,6.32,53,1016,1:56:46 PM,2:41:33 AM
422,2023-10-18,14,6.91,51,1016,1:56:46 PM,2:41:33 AM
423,2023-10-18,15,7.35,50,1015,1:56:46 PM,2:41:33 AM
424,2023-10-18,16,7.77,48,1013,1:56:46 PM,2:41:33 AM
425,2023-10-18,17,8.34,45,1012,1:56:46 PM,2:41:33 AM
426,2023-10-18,18,8.41,44,1012,1:56:46 PM,2:41:33 AM
427,2023-10-18,19,8.43,43,1012,1:56:46 PM,2:41:33 AM
428,2023-10-18,20,8.29,42,1012,1:56:46 PM,2:41:33 AM
429,2023-10-18,21,8.03,42,1012,1:56:46 PM,2:41:33 AM
430,2023-10-18,22,7.83,42,1013,1:56:46 PM,2:41:33 AM
431,2023-10-18,23,7.62,42,1013,1:56:46 PM,2:41:33 AM
432,2023-10-19,0,6.1,45,1020,1:55:30 PM,2:42:26 AM
433,2023-10-19,1,6.07,42,1020,1:55:30 PM,2:42:26 AM
434,2023-10-19,2,6.03,45,1020,1:55:30 PM,2:42:26 AM
435,2023-10-19,3,5.98,48,1020,1:55:30 PM,2:42:26 AM
436,2023-10-19,4,5.94,50,1019,1:55:30 PM,2:42:26 AM
437,2023-10-19,5,5.93,51,1018,1:55:30 PM,2:42:26 AM
438,2023-10-19,6,5.8,52,1017,1:55:30 PM,2:42:26 AM
439,2023-10-19,7,5.7,52,1017,1:55:30 PM,2:42:26 AM
440,2023-10-19,8,5.52,53,1016,1:55:30 PM,2:42:26 AM
441,2023-10-19,9,5.05,55,1016,1:55:30 PM,2:42:26 AM
442,2023-10-19,10,4.56,57,1016,1:55:30 PM,2:42:26 AM
443,2023-10-19,11,4.42,58,1017,1:55:30 PM,2:42:26 AM
444,2023-10-19,12,5.31,55,1017,1:55:30 PM,2:42:26 AM
445,2023-10-19,13,6.32,53,1016,1:55:30 PM,2:42:26 AM
446,2023-10-19,14,6.91,51,1016,1:55:30 PM,2:42:26 AM
447,2023-10-19,15,7.35,50,1015,1:55:30 PM,2:42:26 AM
448,2023-10-19,16,7.77,48,1013,1:55:30 PM,2:42:26 AM
449,2023-10-19,17,8.34,45,1012,1:55:30 PM,2:42:26 AM
450,2023-10-19,18,8.41,44,1012,1:55:30 PM,2:42:26 AM
451,2023-10-19,19,8.43,43,1012,1:55:30 PM,2:42:26 AM
452,2023-10-19,20,8.29,42,1012,1:55:30 PM,2:42:26 AM
453,2023-10-19,21,8.03,42,1012,1:55:30 PM,2:42:26 AM
454,2023-10-19,22,7.83,42,1013,1:55:30 PM,2:42:26 AM
455,2023-10-19,23,7.62,42,1013,1:55:30 PM,2:42:26 AM
456,2023-10-20,0,6.1,45,1020,1:54:15 PM,2:43:19 AM
457,2023-10-20,1,6.07,42,1020,1:54:15 PM,2:43:19 AM
458,2023-10-20,2,6.03,45,1020,1:54:15 PM,2:43:19 AM
459,2023-10-20,3,5.98,48,1020,1:54:15 PM,2:43:19 AM
460,2023-10-20,4,5.94,50,1019,1:54:15 PM,2:43:19 AM
461,2023-10-20,5,5.93,51,1018,1:54:15 PM,2:43:19 AM
462,2023-10-20,6,5.8,52,1017,1:54:15 PM,2:43:19 AM
463,2023-10-20,7,5.7,52,1017,1:54:15 PM,2:43:19 AM
464,2023-10-20,8,5.52,53,1016,1:54:15 PM,2:43:19 AM
465,2023-10-20,9,5.05,55,1016,1:54:15 PM,2:43:19 AM
466,2023-10-20,10,4.56,57,1016,1:54:15 PM,2:43:19 AM
467,2023-10-20,11,4.42,58,1017,1:54:15 PM,2:43:19 AM
468,2023-10-20,12,5.31,55,1017,1:54:15 PM,2:43:19 AM
469,2023-10-20,13,6.32,53,1016,1:54:15 PM,2:43:19 AM
470,2023-10-20,14,6.91,51,1016,1:54:15 PM,2:43:19 AM
471,2023-10-20,15,7.35,50,1015,1:54:15 PM,2:43:19 AM
472,2023-10-20,16,7.77,48,1013,1:54:15 PM,2:43:19 AM
473,2023-10-20,17,8.34,45,1012,1:54:15 PM,2:43:19 AM
474,2023-10-20,18,8.41,44,1012,1:54:15 PM,2:43:19 AM
475,2023-10-20,19,8.43,43,1012,1:54:15 PM,2:43:19 AM
476,2023-10-20,20,8.29,42,1012,1:54:15 PM,2:43:19 AM
477,2023-10-20,21,8.03,42,1012,1:54:15 PM,2:43:19 AM
478,2023-10-20,22,7.83,42,1013,1:54:15 PM,2:43:19 AM
479,2023-10-20,23,7.62,42,1013,1:54:15 PM,2:43:19 AM
480,2023-10-21,0,6.1,45,1020,1:53:01 PM,2:44:13 AM
481,2023-10-21,1,6.07,42,1020,1:53:01 PM,2:44:13 AM
482,2023-10-21,2,6.03,45,1020,1:53:01 PM,2:44:13 AM
483,2023-10-21,3,5.98,48,1020,1:53:01 PM,2:44:13 AM
484,2023-10-21,4,5.94,50,1019,1:53:01 PM,2:44:13 AM
485,2023-10-21,5,5.93,51,1018,1:53:01 PM,2:44:13 AM
486,2023-10-21,6,5.8,52,1017,1:53:01 PM,2:44:13 AM
487,2023-10-21,7,5.7,52,1017,1:53:01 PM,2:44:13 AM
488,2023-10-21,8,5.52,53,1016,1:53:01 PM,2:44:13 AM
489,2023-10-21,9,5.05,55,1016,1:53:01 PM,2:44:13 AM
490,2023-10-21,10,4.56,57,1016,1:53:01 PM,2:44:13 AM
491,2023-10-21,11,4.42,58,1017,1:53:01 PM,2:44:13 AM
492,2023-10-21,12,5.31,55,1017,1:53:01 PM,2:44:13 AM
493,2023-10-21,13,6.32,53,1016,1:53:01 PM,2:44:13 AM
494,2023-10-21,14,6.91,51,1016,1:53:01 PM,2:44:13 AM
495,2023-10-21,15,7.35,50,1015,1:53:01 PM,2:44:13 AM
496,2023-10-21,16,7.77,48,1013,1:53:01 PM,2:44:13 AM
497,2023-10-21,17,8.34,45,1012,1:53:01 PM,2:44:13 AM
498,2023-10-21,18,8.41,44,1012,1:53:01 PM,2:44:13 AM
499,2023-10-21,19,8.43,43,1012,1:53:01 PM,2:44:13 AM
500,2023-10-21,20,8.29,42,1012,1:53:01 PM,2:44:13 AM
501,2023-10-21,21,8.03,42,1012,1:53:01 PM,2:44:13 AM
502,2023-10-21,22,7.83,42,1013,1:53:01 PM,2:44:13 AM
503,2023-10-21,23,7.62,42,1013,1:53:01 PM,2:44:13 AM
504,2023-10-22,0,6.1,45,1020,1:51:48 PM,2:45:07 AM
505,2023-10-22,1,6.07,42,1020,1:51:48 PM,2:45:07 AM
506,2023-10-22,2,6.03,45,1020,1:51:48 PM,2:45:07 AM
507,2023-10-22,3,5.98,48,1020,1:51:48 PM,2:45:07 AM
508,2023-10-22,4,5.94,50,1019,1:51:48 PM,2:45:07 AM
509,2023-10-22,5,5.93,51,1018,1:51:48 PM,2:45:07 AM
510,2023-10-22,6,5.8,52,1017,1:51:48 PM,2:45:07 AM
511,2023-10-22,7,5.7,52,1017,1:51:48 PM,2:45:07 AM
512,2023-10-22,8,5.52,53,1016,1:51:48 PM,2:45:07 AM
513,2023-10-22,9,5.05,55,1016,1:51:48 PM,2:45:07 AM
514,2023-10-22,10,4.56,57,1016,1:51:48 PM,2:45:07 AM
515,2023-10-22,11,4.42,58,1017,1:51:48 PM,2:45:07 AM
516,2023-10-22,12,5.31,55,1017,1:51:48 PM,2:45:07 AM
517,2023-10-22,13,6.32,53,1016,1:51:48 PM,2:45:07 AM
518,2023-10-22,14,6.91,51,1016,1:51:48 PM,2:45:07 AM
519,2023-10-22,15,7.35,50,1015,1:51:48 PM,2:45:07 AM
520,2023-10-22,16,7.77,48,1013,1:51:48 PM,2:45:07 AM
521,2023-10-22,17,8.34,45,1012,1:51:48 PM,2:45:07 AM
522,2023-10-22,18,8.41,44,1012,1:51:48 PM,2:45:07 AM
523,2023-10-22,19,8.43,43,1012,1:51:48 PM,2:45:07 AM
524,2023-10-22,20,8.29,42,1012,1:51:48 PM,2:45:07 AM
525,2023-10-22,21,8.03,42,1012,1:51:48 PM,2:45:07 AM
526,2023-10-22,22,7.83,42,1013,1:51:48 PM,2:45:07 AM
527,2023-10-22,23,7.62,42,1013,1:51:48 PM,2:45:07 AM
528,2023-10-23,0,6.1,45,1020,1:50:36 PM,2:46:02 AM
529,2023-10-23,1,6.07,42,1020,1:50:36 PM,2:46:02 AM
530,2023-10-23,2,6.03,45,1020,1:50:36 PM,2:46:02 AM
531,2023-10-23,3,5.98,48,1020,1:50:36 PM,2:46:02 AM
532,2023-10-23,4,5.94,50,1019,1:50:36 PM,2:46:02 AM
533,2023-10-23,5,5.93,51,1018,1:50:36 PM,2:46:02 AM
534,2023-10-23,6,5.8,52,1017,1:50:36 PM,2:46:02 AM
535,2023-10-23,7,5.7,52,1017,1:50:36 PM,2:46:02 AM
536,2023-10-23,8,5.52,53,1016,1:50:36 PM,2:46:02 AM
537,2023-10-23,9,5.05,55,1016,1:50:36 PM,2:46:02 AM
538,2023-10-23,10,4.56,57,1016,1:50:36 PM,2:46:02 AM
539,2023-10-23,11,4.42,58,1017,1:50:36 PM,2:46:02 AM
540,2023-10-23,12,5.31,55,1017,1:50:36 PM,2:46:02 AM
541,2023-10-23,13,6.32,53,1016,1:50:36 PM,2:46:02 AM
542,2023-10-23,14,6.91,51,1016,1:50:36 PM,2:46:02 AM
543,2023-10-23,15,7.35,50,1015,1:50:36 PM,2:46:02 AM
544,2023-10-23,16,7.77,48,1013,1:50:36 PM,2:46:02 AM
545,2023-10-23,17,8.34,45,1012,1:50:36 PM,2:46:02 AM
546,2023-10-23,18,8.41,44,1012,1:50:36 PM,2:46:02 AM
547,2023-10-23,19,8.43,43,1012,1:50:36 PM,2:46:02 AM
548,2023-10-23,20,8.29,42,1012,1:50:36 PM,2:46:02 AM
549,2023-10-23,21,8.03,42,1012,1:50:36 PM,2:46:02 AM
550,2023-10-23,22,7.83,42,1013,1:50:36 PM,2:46:02 AM
551,2023-10-23,23,7.62,42,1013,1:50:36 PM,2:46:02 AM
552,2023-10-24,0,6.1,45,1020,1:49:24 PM,2:46:57 AM
553,2023-10-24,1,6.07,42,1020,1:49:24 PM,2:46:57 AM
554,2023-10-24,2,6.03,45,1020,1:49:24 PM,2:46:57 AM
555,2023-10-24,3,5.98,48,1020,1:49:24 PM,2:46:57 AM
556,2023-10-24,4,5.94,50,1019,1:49:24 PM,2:46:57 AM
557,2023-10-24,5,5.93,51,1018,1:49:24 PM,2:46:57 AM
558,2023-10-24,6,5.8,52,1017,1:49:24 PM,2:46:57 AM
559,2023-10-24,7,5.7,52,1017,1:49:24 PM,2:46:57 AM
560,2023-10-24,8,5.52,53,1016,1:49:24 PM,2:46:57 AM
561,2023-10-24,9,5.05,55,1016,1:49:24 PM,2:46:57 AM
562,2023-10-24,10,4.56,57,1016,1:49:24 PM,2:46:57 AM
563,2023-10-24,11,4.42,58,1017,1:49:24 PM,2:46:57 AM
564,2023-10-24,12,5.31,55,1017,1:49:24 PM,2:46:57 AM
565,2023-10-24,13,6.32,53,1016,1:49:24 PM,2:46:57 AM
566,2023-10-24,14,6.91,51,1016,1:49:24 PM,2:46:57 AM
567,2023-10-24,15,7.35,50,1015,1:49:24 PM,2:46:57 AM
568,2023-10-24,16,7.77,48,1013,1:49:24 PM,2:46:57 AM
569,2023-10-24,17,8.34,45,1012,1:49:24 PM,2:46:57 AM
570,2023-10-24,18,8.41,44,1012,1:49:24 PM,2:46:57 AM
571,2023-10-24,19,8.43,43,1012,1:49:24 PM,2:46:57 AM
572,2023-10-24,20,8.29,42,1012,1:49:24 PM,2:46:57 AM
573,2023-10-24,21,8.03,42,1012,1:49:24 PM,2:46:57 AM
574,2023-10-24,22,7.83,42,1013,1:49:24 PM,2:46:57 AM
575,2023-10-24,23,7.62,42,1013,1:49:24 PM,2:46:57 AM
576,2023-10-25,0,6.1,45,1020,1:48:14 PM,2:47:52 AM
577,2023-10-25,1,6.07,42,1020,1:48:14 PM,2:47:52 AM
578,2023-10-25,2,6.03,45,1020,1:48:14 PM,2:47:52 AM
579,2023-10-25,3,5.98,48,1020,1:48:14 PM,2:47:52 AM
580,2023-10-25,4,5.94,50,1019,1:48:14 PM,2:47:52 AM
581,2023-10-25,5,5.93,51,1018,1:48:14 PM,2:47:52 AM
582,2023-10-25,6,5.8,52,1017,1:48:14 PM,2:47:52 AM
583,2023-10-25,7,5.7,52,1017,1:48:14 PM,2:47:52 AM
584,2023-10-25,8,5.52,53,1016,1:48:14 PM,2:47:52 AM
585,2023-10-25,9,5.05,55,1016,1:48:14 PM,2:47:52 AM
586,2023-10-25,10,4.56,57,1016,1:48:14 PM,2:47:52 AM
587,2023-10-25,11,4.42,58,1017,1:48:14 PM,2:47:52 AM
588,2023-10-25,12,5.31,55,1017,1:48:14 PM,2:47:52 AM
589,2023-10-25,13,6.32,53,1016,1:48:14 PM,2:47:52 AM
590,2023-10-25,14,6.91,51,1016,1:48:14 PM,2:47:52 AM
591,2023-10-25,15,7.35,50,1015,1:48:14 PM,2:47:52 AM
592,2023-10-25,16,7.77,48,1013,1:48:14 PM,2:47:52 AM
593,2023-10-25,17,8.34,45,1012,1:48:14 PM,2:47:52 AM
594,2023-10-25,18,8.41,44,1012,1:48:14 PM,2:47:52 AM
595,2023-10-25,19,8.43,43,1012,1:48:14 PM,2:47:52 AM
596,2023-10-25,20,8.29,42,1012,1:48:14 PM,2:47:52 AM
597,2023-10-25,21,8.03,42,1012,1:48:14 PM,2:47:52 AM
598,2023-10-25,22,7.83,42,1013,1:48:14 PM,2:47:52 AM
599,2023-10-25,23,7.62,42,1013,1:48:14 PM,2:47:52 AM
600,2023-10-26,0,6.1,45,1020,1:47:05 PM,2:48:47 AM
601,2023-10-26,1,6.07,42,1020,1:47:05 PM,2:48:47 AM
602,2023-10-26,2,6.03,45,1020,1:47:05 PM,2:48:47 AM
603,2023-10-26,3,5.98,48,1020,1:47:05 PM,2:48:47 AM
604,2023-10-26,4,5.94,50,1019,1:47:05 PM,2:48:47 AM
605,2023-10-26,5,5.93,51,1018,1:47:05 PM,2:48:47 AM
606,2023-10-26,6,5.8,52,1017,1:47:05 PM,2:48:47 AM
607,2023-10-26,7,5.7,52,1017,1:47:05 PM,2:48:47 AM
608,2023-10-26,8,5.52,53,1016,1:47:05 PM,2:48:47 AM
609,2023-10-26,9,5.05,55,1016,1:47:05 PM,2:48:47 AM
610,2023-10-26,10,4.56,57,1016,1:47:05 PM,2:48:47 AM
611,2023-10-26,11,4.42,58,1017,1:47:05 PM,2:48:47 AM
612,2023-10-26,12,5.31,55,1017,1:47:05 PM,2:48:47 AM
613,2023-10-26,13,6.32,53,1016,1:47:05 PM,2:48:47 AM
614,2023-10-26,14,6.91,51,1016,1:47:05 PM,2:48:47 AM
615,2023-10-26,15,7.35,50,1015,1:47:05 PM,2:48:47 AM
616,2023-10-26,16,7.77,48,1013,1:47:05 PM,2:48:47 AM
617,2023-10-26,17,8.34,45,1012,1:47:05 PM,2:48:47 AM
618,2023-10-26,18,8.41,44,1012,1:47:05 PM,2:48:47 AM
619,2023-10-26,19,8.43,43,1012,1:47:05 PM,2:48:47 AM
620,2023-10-26,20,8.29,42,1012,1:47:05 PM,2:48:47 AM
621,2023-10-26,21,8.03,42,1012,1:47:05 PM,2:48:47 AM
622,2023-10-26,22,7.83,42,1013,1:47:05 PM,2:48:47 AM
623,2023-10-26,23,7.62,42,1013,1:47:05 PM,2:48:47 AM
624,2023-10-27,0,6.1,45,1020,1:45:57 PM,2:49:43 AM
625,2023-10-27,1,6.07,42,1020,1:45:57 PM,2:49:43 AM
626,2023-10-27,2,6.03,45,1020,1:45:57 PM,2:49:43 AM
627,2023-10-27,3,5.98,48,1020,1:45:57 PM,2:49:43 AM
628,2023-10-27,4,5.94,50,1019,1:45:57 PM,2:49:43 AM
629,2023-10-27,5,5.93,51,1018,1:45:57 PM,2:49:43 AM
630,2023-10-27,6,5.8,52,1017,1:45:57 PM,2:49:43 AM
631,2023-10-27,7,5.7,52,1017,1:45:57 PM,2:49:43 AM
632,2023-10-27,8,5.52,53,1016,1:45:57 PM,2:49:43 AM
633,2023-10-27,9,5.05,55,1016,1:45:57 PM,2:49:43 AM
634,2023-10-27,10,4.56,57,1016,1:45:57 PM,2:49:43 AM
635,2023-10-27,11,4.42,58,1017,1:45:57 PM,2:49:43 AM
636,2023-10-27,12,5.31,55,1017,1:45:57 PM,2:49:43 AM
637,2023-10-27,13,6.32,53,1016,1:45:57 PM,2:49:43 AM
638,2023-10-27,14,6.91,51,1016,1:45:57 PM,2:49:43 AM
639,2023-10-27,15,7.35,50,1015,1:45:57 PM,2:49:43 AM
640,2023-10-27,16,7.77,48,1013,1:45:57 PM,2:49:43 AM
641,2023-10-27,17,8.34,45,1012,1:45:57 PM,2:49:43 AM
642,2023-10-27,18,8.41,44,1012,1:45:57 PM,2:49:43 AM
643,2023-10-27,19,8.43,43,1012,1:45:57 PM,2:49:43 AM
644,2023-10-27,20,8.29,42,1012,1:45:57 PM,2:49:43 AM
645,2023-10-27,21,8.03,42,1012,1:45:57 PM,2:49:43 AM
646,2023-10-27,22,7.83,42,1013,1:45:57 PM,2:49:43 AM
647,2023-10-27,23,7.62,42,1013,1:45:57 PM,2:49:43 AM
648,2023-10-28,0,6.1,45,1020,1:44:50 PM,2:50:39 AM
649,2023-10-28,1,6.07,42,1020,1:44:50 PM,2:50:39 AM
650,2023-10-28,2,6.03,45,1020,1:44:50 PM,2:50:39 AM
651,2023-10-28,3,5.98,48,1020,1:44:50 PM,2:50:39 AM
652,2023-10-28,4,5.94,50,1019,1:44:50 PM,2:50:39 AM
653,2023-10-28,5,5.93,51,1018,1:44:50 PM,2:50:39 AM
654,2023-10-28,6,5.8,52,1017,1:44:50 PM,2:50:39 AM
655,2023-10-28,7,5.7,52,1017,1:44:50 PM,2:50:39 AM
656,2023-10-28,8,5.52,53,1016,1:44:50 PM,2:50:39 AM
657,2023-10-28,9,5.05,55,1016,1:44:50 PM,2:50:39 AM
658,2023-10-28,10,4.56,57,1016,1:44:50 PM,2:50:39 AM
659,2023-10-28,11,4.42,58,1017,1:44:50 PM,2:50:39 AM
660,2023-10-28,12,5.31,55,1017,1:44:50 PM,2:50:39 AM
661,2023-10-28,13,6.32,53,1016,1:44:50 PM,2:50:39 AM
662,2023-10-28,14,6.91,51,1016,1:44:50 PM,2:50:39 AM
663,2023-10-28,15,7.35,50,1015,1:44:50 PM,2:50:39 AM
664,2023-10-28,16,7.77,48,1013,1:44:50 PM,2:50:39 AM
665,2023-10-28,17,8.34,45,1012,1:44:50 PM,2:50:39 AM
666,2023-10-28,18,8.41,44,1012,1:44:50 PM,2:50:39 AM
667,2023-10-28,19,8.43,43,1012,1:44:50 PM,2:50:39 AM
668,2023-10-28,20,8.29,42,1012,1:44:50 PM,2:50:39 AM
669,2023-10-28,21,8.03,42,1012,1:44:50 PM,2:50:39 AM
670,2023-10-28,22,7.83,42,1013,1:44:50 PM,2:50:39 AM
671,2023-10-28,23,7.62,42,1013,1:44:50 PM,2:50:39 AM
672,2023-10-29,0,6.1,45,1020,1:43:45 PM,2:51:36 AM
673,2023-10-29,1,6.07,42,1020,1:43:45 PM,2:51:36 AM
674,2023-10-29,2,6.03,45,1020,1:43:45 PM,2:51:36 AM
675,2023-10-29,3,5.98,48,1020,1:43:45 PM,2:51:36 AM
676,2023-10-29,4,5.94,50,1019,1:43:45 PM,2:51:36 AM
677,2023-10-29,5,5.93,51,1018,1:43:45 PM,2:51:36 AM
678,2023-10-29,6,5.8,52,1017,1:43:45 PM,2:51:36 AM
679,2023-10-29,7,5.7,52,1017,1:43:45 PM,2:51:36 AM
680,2023-10-29,8,5.52,53,1016,1:43:45 PM,2:51:36 AM
681,2023-10-29,9,5.05,55,1016,1:43:45 PM,2:51:36 AM
682,2023-10-29,10,4.56,57,1016,1:43:45 PM,2:51:36 AM
683,2023-10-29,11,4.42,58,1017,1:43:45 PM,2:51:36 AM
684,2023-10-29,12,5.31,55,1017,1:43:45 PM,2:51:36 AM
685,2023-10-29,13,6.32,53,1016,1:43:45 PM,2:51:36 AM
686,2023-10-29,14,6.91,51,1016,1:43:45 PM,2:51:36 AM
687,2023-10-29,15,7.35,50,1015,1:43:45 PM,2:51:36 AM
688,2023-10-29,16,7.77,48,1013,1:43:45 PM,2:51:36 AM
689,2023-10-29,17,8.34,45,1012,1:43:45 PM,2:51:36 AM
690,2023-10-29,18,8.41,44,1012,1:43:45 PM,2:51:36 AM
691,2023-10-29,19,8.43,43,1012,1:43:45 PM,2:51:36 AM
692,2023-10-29,20,8.29,42,1012,1:43:45 PM,2:51:36 AM
693,2023-10-29,21,8.03,42,1012,1:43:45 PM,2:51:36 AM
694,2023-10-29,22,7.83,42,1013,1:43:45 PM,2:51:36 AM
695,2023-10-29,23,7.62,42,1013,1:43:45 PM,2:51:36 AM
696,2023-10-30,0,6.1,45,1020,1:42:41 PM,2:52:33 AM
697,2023-10-30,1,6.07,42,1020,1:42:41 PM,2:52:33 AM
698,2023-10-30,2,6.03,45,1020,1:42:41 PM,2:52:33 AM
699,2023-10-30,3,5.98,48,1020,1:42:41 PM,2:52:33 AM
700,2023-10-30,4,5.94,50,1019,1:42:41 PM,2:52:33 AM
701,2023-10-30,5,5.93,51,1018,1:42:41 PM,2:52:33 AM
702,2023-10-30,6,5.8,52,1017,1:42:41 PM,2:52:33 AM
703,2023-10-30,7,5.7,52,1017,1:42:41 PM,2:52:33 AM
704,2023-10-30,8,5.52,53,1016,1:42:41 PM,2:52:33 AM
705,2023-10-30,9,5.05,55,1016,1:42:41 PM,2:52:33 AM
706,2023-10-30,10,4.56,57,1016,1:42:41 PM,2:52:33 AM
707,2023-10-30,11,4.42,58,1017,1:42:41 PM,2:52:33 AM
708,2023-10-30,12,5.31,55,1017,1:42:41 PM,2:52:33 AM
709,2023-10-30,13,6.32,53,1016,1:42:41 PM,2:52:33 AM
710,2023-10-30,14,6.91,51,1016,1:42:41 PM,2:52:33 AM
711,2023-10-30,15,7.35,50,1015,1:42:41 PM,2:52:33 AM
712,2023-10-30,16,7.77,48,1013,1:42:41 PM,2:52:33 AM
713,2023-10-30,17,8.34,45,1012,1:42:41 PM,2:52:33 AM
714,2023-10-30,18,8.41,44,1012,1:42:41 PM,2:52:33 AM
715,2023-10-30,19,8.43,43,1012,1:42:41 PM,2:52:33 AM
716,2023-10-30,20,8.29,42,1012,1:42:41 PM,2:52:33 AM
717,2023-10-30,21,8.03,42,1012,1:42:41 PM,2:52:33 AM
718,2023-10-30,22,7.83,42,1013,1:42:41 PM,2:52:33 AM
719,2023-10-30,23,7.62,42,1013,1:42:41 PM,2:52:33 AM
